IndicVoices	226055	419.3
Rasa_v2	26824	49.0
ai4bharat___rasa	28113	49.5
ans_snr40-50.part1of2	202018	615.5
ans_snr40-50.part2of2	202031	616.6
ans_snr50.part1of2	97053	301.2
ans_snr50.part2of2	97054	300.6
gemini_vc	182	11.9
gemini_vc_conversational	1810	120.1
gemini_vc_conversational_corrected	1952	130.5
gemini_vc_conversational_pairs	1952	130.5
indicvoices-r	64037	168.1
mahadhwani	32072	94.1
ncert_conversations	2310	148.6
orpheus_snr40-50	5062	16.2
orpheus_snr50	2357	7.4
podcast-index-audiobook	4641	363.2
podcast-index-feeds-5min	86682	6680.8
podcast-index-feeds	285	115.7
podcast-index	24327	54.0
